{
    "gpu_mem": 6438780928,
    "cpu_mem": 13708169216,
    "cpu_gpu_write_bandwidth": 13454022905.450487,
    "cpu_gpu_read_bandwidth": 10118356715.848625,
    "disk_cpu_write_bandwidth": 858690789.5643961,
    "disk_cpu_read_bandwidth": 1720875350.5374377,
    "gpu_tflops_a": -6.262634243957106,
    "gpu_tflops_b": 4.952989371208158
}